{
  "weight": 50,
  "density": 0.4,
  "max_height": 45,
  "min_height": 10,
  "surface_stone_material": "nickel",
  "dimension_filter": ["name:the_end"],

  "generator": {
    "type": "ellipsoid",
    "radius": [7, 9]
  },
  "filler": {
    "type": "simple",
    "value": {
      "type": "weight_random",
      "values": [
        {
          "weight": 30,
          "value": "ore:garnierite"
        },
        {
          "weight": 30,
          "value": "ore:nickel"
        },
		    {
          "weight": 30,
          "value": "ore:cobaltite"
        },
		    {
          "weight": 10,
          "value": "ore:pentlandite"
        }
      ]
    }
  }
}